count,director
21,Jan Suter
19,Raúl Campos
14,Marcus Raboy
14,Jay Karas
12,Jay Chapman
9,Martin Scorsese
9,Steven Spielberg
8,Shannon Hartman
8,Lance Bangs
8,Umesh Mehra
8,David Dhawan
8,Johnnie To
7,Quentin Tarantino
7,Ryan Polito
7,Noah Baumbach
7,Yılmaz Erdoğan
7,Hakan Algül
7,Dibakar Banerjee
7,S.S. Rajamouli
7,Robert Rodriguez
7,Cathy Garcia-Molina
6,Matt Askem
6,Vlad Yudin
6,Wenn V. Deramas
6,Priyadarshan
6,Ram Gopal Varma
6,Anurag Kashyap
6,Zoya Akhtar
6,Kevin Smith
6,Omoni Oboli
6,Wong Jing
6,Poj Arnon
6,Kunle Afolayan
6,Robert Vince
6,Tilak Shetty
6,William Lau
6,Riri Riza
6,Fernando Ayllón
6,Leslie Small
6,Rocky Soraya
6,Don Michael Paul
5,Anees Bazmee
5,McG
5,Qaushiq Mukherjee
5,Ken Burns
5,David Batty
5,Lana Wachowski
5,Lilly Wachowski
5,Rajiv Mehra
5,Jesse V. Johnson
5,Steven Soderbergh
5,Ashutosh Gowariker
5,Vishal Bhardwaj
5,Mike Smith
5,Manny Rodriguez
5,Michael Simon
5,Ishi Rudell
5,Troy Miller
5,John Paul Tremblay
5,Sameh Abdulaziz
5,Gajendra Ahire
5,Robb Wells
5,Abbas Alibhai Burmawalla
5,Kıvanç Baruönü
5,Nagesh Kukunoor
5,Mastan Alibhai Burmawalla
5,Mike Clattenburg
5,Justin G. Dyck
5,Madhur Bhandarkar
4,Nishikant Kamat
4,Stan Lathan
4,Chris Stokes
4,Chia-Liang Liu
4,Jeremy Saulnier
4,Jay Roach
4,Steve Carr
4,Hanung Bramantyo
4,Farah Khan
4,Luis Ara
4,Banjong Pisanthanakun
4,Kundan Shah
4,Masahiko Murata
4,Imtiaz Ali
4,Gregory Hoblit
4,Frank Capra
4,Hrishikesh Mukherjee
4,Anurag Basu
4,Hiroyuki Seshita
4,Farhan Akhtar
4,Andy Tennant
4,Rakeysh Omprakash Mehra
4,Milan Luthria
4,Edward Cotterill
4,Hernán Zin
4,Cristina Jacob
4,Prakash Satam
4,Ozan Açıktan
4,Andrew Lau Wai-Keung
4,Christopher Storer
4,Subhash Ghai
4,Werner Herzog
4,Terry Gilliam
4,Toshiya Shinohara
4,Detlev Buck
4,John Huston
4,Clint Eastwood
4,Lee Tamahori
4,Rajkumar Santoshi
4,Mike Newell
4,Rohit Jugraj
4,Joe Camp
4,Joe Berlinger
4,Mae Czarina Cruz
4,Wilson Yip
3,Michael Bay
3,Indra Kumar
3,Vikramaditya Motwane
3,Vicky Matthews
3,David R. Ellis
3,Petra Costa
3,Abhishek Sharma
3,Bobcat Goldthwait
3,Aziz Mirza
3,Jon Rosenbaum
3,Spike Lee
3,Neeraj Pandey
3,Cem Yılmaz
3,Abhishek Kapoor
3,Gerardo Olivares
3,Ashwin Saravanan
3,Pankaj Batra
3,John Schultz
3,Charles Stone III
3,Kobun Shizuno
3,David Fincher
3,Shyam Benegal
3,Niyi Akinmolayan
3,Alfonso Cuarón
3,Ömer Faruk Sorak
3,Bo Burnham
3,Remo D'Souza
3,Rob Minkoff
3,Cheh Chang
3,Note Chern-Yim
3,Mani Ratnam
3,Steve Ball
3,Rob Cohen
3,Rajkumar Hirani
3,Alastair Fothergill
3,Olivia M. Lamasan
3,Clay Glen
3,Eduardo Chauvet
3,Dustin McKenzie
3,David Mackenzie
3,Ron Howard
3,Robert Luketic
3,John Asher
3,Timothy Woodward Jr.
3,Roger Allers
3,Lynn Shelton
3,Gastón Duprat
3,Ron Oliver
3,Dante Lam
3,Raj Kapoor
3,Kazuchika Kise
3,Frank Coraci
3,Abhinay Deo
3,Noriyuki Abe
3,Raj Kumar Gupta
3,David Michôd
3,Steve Sacks
3,Leena Yadav
3,Bejoy Nambiar
3,Karyn Kusama
3,Morgan Neville
3,Antoine Fuqua
3,G.J. Echternkamp
3,Onir
3,Mohamed Hamdy
3,Conrad Helten
3,Louis C.K.
3,Peyton Reed
3,Phillip Noyce
3,Munjal Shroff
3,Jonathan Demme
3,Lekh Tandon
3,Israel Adrián Caetano
3,Mike Flanagan
3,Rohit Shetty
3,Karan Johar
3,Toshiyuki Kubooka
3,Amitoj Mann
3,Orlando von Einsiedel
3,Hasan Karacadağ
3,Alex Lehmann
3,Chandrakant Kulkarni
3,Timo Tjahjanto
3,Neal Brennan
3,Linda Mendoza
3,Sudhir Mishra
3,Mikhail Red
3,David Zucker
3,Barry Sonnenfeld
3,Atom Egoyan
3,Savage Steve Holland
3,Paul Thomas Anderson
3,Ismail Farouk
3,Ricky Gervais
3,Ernie Barbarash
3,Nila Madhab Panda
3,Lasse Hallström
3,Pratim D. Gupta
3,Asit Mohapatra
3,Rajiv Chilaka
3,Gonzalo López-Gallego
3,Mark A.Z. Dippé
3,Bedran Güzel
3,Sam Raimi
3,A.R. Murugadoss
3,Barak Goodman
3,Ezekiel Norton
3,Sujoy Ghosh
3,Sylvester Stallone
3,Simon Wells
3,Akiva Schaffer
3,Sooraj R. Barjatya
3,Mahesh Manjrekar
3,Sumitra Bhave
3,Ketan Mehta
3,John Fortenberry
3,David Ayer
3,B. V. Nandini Reddy
3,Prakash Jha
3,Craig Brewer
3,Latif Faiziyev
3,Sermiyan Midyat
3,Mohamed Samy
3,Angga Dwimas Sasongko
3,Chris Buck
3,Vivieno Caldinelli
3,Michael McKay
3,Greg MacGillivray
3,Walter C. Miller
3,Sunil Sukthankar
2,Syrine Boulanouar
2,Sam Mendes
2,Jonathan Levine
2,Nitesh Tiwari
2,Lone Scherfig
2,Ciarán Foy
2,Christopher Smith
2,Michael Goguen
2,Stephen Daldry
2,John Ford
2,James Wan
2,Federico Veiroj
2,Guy Ritchie
2,Fernando Meirelles
2,Saratswadee Wongsomphet
2,Roland Emmerich
2,Fernando González Molina
2,Sarah Adina Smith
2,Rajiv Menon
2,Jayson Thiessen
2,Mitch Schauer
2,Christopher Guest
2,Daniel Mann
2,Amy Schumer
2,Bong Joon Ho
2,Florian Henckel von Donnersmarck
2,Susannah Ward
2,Eric Idle
2,Rudy Soedjarwo
2,Edwin
2,Zoe Berriatúa
2,Jalil Lespert
2,Orson Welles
2,Padmakumar Narasimhamurthy
2,Karthik Subbaraj
2,Tig Notaro
2,Michael J. Bassett
2,Lucas Margutti
2,Peter Orton
2,James Yukich
2,Chad Van De Keere
2,Mar Targarona
2,Marcelo Galvão
2,Richard Rich
2,Daniel Kontur
2,Satish Kaushik
2,Janusz Majewski
2,Jeffrey Walker
2,Satish Rajwade
2,Pang Ho-cheung
2,Mikhil Musale
2,Luis Lopez
2,Jon M. Chu
2,Raditya Dika
2,Kip Andersen
2,Miguel Cohan
2,Ifa Isfansyah
2,Lars von Trier
2,Esteban Vidal
2,Tensai Okamura
2,Richard Bailey
2,Toa Fraser
2,Paul W.S. Anderson
2,S.S. Wilson
2,Sam Taplin
2,Sameer Vidwans
2,Vince Marcello
2,Guillermo del Toro
2,T.J. Martin
2,Kenny Young
2,Jerry Seinfeld
2,Rod Blackhurst
2,Shyamal Chaulia
2,Ronna Gradus
2,Ulises Valencia
2,Daniel Gray Longino
2,Toka McBaror
2,Jung-ah Im
2,Shawn Levy
2,Anthony D'Souza
2,Tim Burton
2,Antoinette Jadaone
2,Leslie Iwerks
2,Cosima Spender
2,Sze Yu Lau
2,Peter Spirer
2,Harvey Lowry
2,Baljit Singh Deo
2,Alessandro Angulo
2,Gus Van Sant
2,Anu Menon
2,Dharmesh Darshan
2,Rhys Thomas
2,Federico Lemos
2,Elaine McMillion Sheldon
2,Sachin Yardi
2,Joram Lürsen
2,Stanisław Różewicz
2,Iginio Straffi
2,Femi Oyeniran
2,Derek Cianfrance
2,Bill D'Elia
2,Kunal Kohli
2,Patricia Font
2,Anthony Giordano
2,Luv Ranjan
2,Neil Jordan
2,Anne Fontaine
2,Mahsun Kırmızıgül
2,Jerry Rothwell
2,Lewis Milestone
2,Ali Taner Baltacı
2,Keoni Waxman
2,Sang-ho Yeon
2,Mana Yasuda
2,Chris Bould
2,Isaac Ezban
2,Hideaki Anno
2,Sudesh Manjrekar
2,Ian MacNaughton
2,Karen J. Lloyd
2,Francesco Imperato
2,Theodore Boborol
2,Audu Paden
2,Dominic Sena
2,Rodrigo Van Der Put
2,Scott Zabielski
2,Andrew Fleming
2,Kemi Adetiba
2,Stacie Passon
2,Rob Seidenglanz
2,Christopher Nolen
2,Tony Scott
2,Mahmoud Karim
2,Ben Wallis
2,Vipul Amrutlal Shah
2,Jerrold Tarog
2,Dan Villegas
2,Shin Won-ho
2,Mario Van Peebles
2,Mike Birbiglia
2,Nikhil Advani
2,Kookie V. Gulati
2,Sangeeth Sivan
2,Terry Jones
2,Robin Swicord
2,Barry Levinson
2,Jeff Tremaine
2,Ted Demme
2,Warren P. Sonoda
2,Bert Marcus
2,Peter Jackson
2,Ahmad El-Badri
2,Scott Hicks
2,Ivan Reitman
2,David Paul Meyer
2,Oliver Twinch
2,Asghar Farhadi
2,Roger Kumble
2,Fisher Stevens
2,Prakash Mehra
2,Errol Morris
2,David Wain
2,Khaled El Halafawy
2,Asif Kapadia
2,Jacob Joice
2,A. L. Vijay
2,Bille Woodruff
2,John Duigan
2,Apoorva Lakhia
2,Diego Pignataro
2,Satyajit Bhatkal
2,Jota Linares
2,Frank Oz
2,Alison Klayman
2,Brett Ratner
2,Brad Bird
2,Tarek Al Eryan
2,Kedar Shinde
2,Peter Hutchings
2,Noam Murro
2,Larry Latham
2,Jill Bauer
2,David Fairhead
2,R. Ellis Frazier
2,Damián Romay
2,Andrew Niccol
2,Atanu Ghosh
2,Keegan Kuhn
2,Duncan Jones
2,Brad Anderson
2,Steve Paley
2,Sofia Coppola
2,Nicolás López
2,Hugues Nancy
2,Kevin Layne
2,Thomas Astruc
2,Wael Ihsan
2,Chris Bell
2,Hajime Kamegaki
2,David M. Rosenthal
2,Heber Cannon
2,Ted Emery
2,Chris Smith
2,Avadhoot Gupte
2,John Lee Hancock
2,Rizal Mantovani
2,Gary Howsam
2,Rusty Cundieff
2,Adam Carolla
2,Vikas Bahl
2,James Ponsoldt
2,Stanley Tong
2,Kief Davidson
2,Kabir Bhatia
2,Patricia Rozema
2,Tim Maltby
2,Leo Riley
2,Alejandro Fernández Almendras
2,Umesh Shukla
2,Steve Brill
2,Scott L. Montoya
2,Mez Tharatorn
2,Kevin MacDonald
2,Griffin Dunne
2,Saul Dibb
2,Jason Reitman
2,Daniel Alfredson
2,Drake Doremus
2,Herman Yau
2,Michael D. Black
2,John Stockwell
2,Gareth Evans
2,Momoko Kamiya
2,Fabien Beziat
2,Thiru
2,Stephen Chow
2,Scott Stewart
2,Parambrata Chatterjee
2,Sean Cisterna
2,Chito S. Roño
2,Olivier Assayas
2,Susan Johnson
2,Ribhu Dasgupta
2,Burak Aksak
2,Nick Broomfield
2,Gabriele Muccino
2,Peter Farrelly
2,Hani Hamdi
2,Sridhar Rangayan
2,Jack C. Newell
2,Benjamin Turner
2,Manish Jha
2,Sanjay Jadhav
2,Suparn Verma
2,Kabir Sadanand
2,Alex Zamm
2,Paul Andrew Williams
2,Nia Dinata
2,Tim Story
2,Selçuk Aydemir
2,Dennie Gordon
2,Danny Boyle
2,Anggy Umbara
2,Eli Roth
2,Corey Yuen
2,Heidi Ewing
2,Matías Gueilburt
2,Robert Kenner
2,Nicolas Winding Refn
2,Joe Dante
2,Jehane Noujaim
2,Justin Webster
2,Aanand Rai
2,Will Yapp
2,Gregory Caruso
2,Santosh Sivan
2,Khaled Marei
2,Hadi El Bagoury
2,Steven Brill
2,Randall Lobb
2,Barry Avrich
2,Paul Dugdale
2,Andy Fickman
2,Joel Coen
2,Andrew Duncan
2,Oliver Stone
2,Osgood Perkins
2,Brian Oakes
2,Chris Sivertson
2,Spike Jonze
2,Neill Blomkamp
2,Rashida Jones
2,Kasia Uscinska
2,Kyle Newacheck
2,Robert Altman
2,Sundar C.
2,Brian Levant
2,James McTeigue
2,Michael Dowse
2,Parkpoom Wongpoom
2,Byron Howard
2,Antonio Serrano
2,Adam Shankman
2,Alexandre Avancini
2,Soumendra Padhi
2,Zak Hilditch
2,Cal Seville
2,Ethan Coen
2,Luc Vinciguerra
2,J.C. Chandor
2,Jose Manuel Colón
2,Jonathan Mostow
2,Dani de la Torre
2,Kim Nguyen
2,Frank Rajah Arase
2,George Ford
2,Paco Plaza
2,Shivam Nair
2,Scott Moran
2,Phil Weinstein
2,Seth Barrish
2,Jay Chandrasekhar
2,Michael Tiddes
2,Maryo J. De los Reyes
2,Peter Segal
2,Şenol Sönmez
2,John Dahl
2,Erik Canuel
2,James Wong
2,Alexis Morante
2,Ibrahim Bin Mohamed
2,Brian Klein
2,Rachel Grady
2,Paul Weitz
2,Chris Howe
2,Aditya Sarpotdar
2,Daniel Stamm
2,Gillian Robespierre
2,Nate Adams
2,Michael Drumm
2,Anirban Majumder
2,Dan Forrer
2,Matt Kugelman
2,Maria Ripoll
2,Charlie Lightening
2,Dave Higby
2,Everardo González
2,Gilles Paquet-Brenner
2,Jeff Baena
2,Shakti Samanta
2,Basu Chatterjee
2,Ron Davis
2,Daniel Lindsay
2,Amr Arafa
2,Kim A. Snyder
2,Sriram Raghavan
2,Scott Aukerman
2,Ksshitij Chaudhary
2,Eli Craig
2,Morgan Spurlock
2,Alain Desrochers
2,Jacob Kornbluth
2,David Sington
2,Pete Travis
2,Ava DuVernay
2,Javier Ruiz Caldera
2,John G. Avildsen
2,Tanuja Chandra
2,William Wyler
2,Patrick Brice
2,Marcos Bucay
2,Charlie McDowell
2,Martin Gorst
2,Tsutomu Mizushima
2,Reema Kagti
2,Naoko Yamada
2,Andrew Tan
2,Rob Reiner
2,Joyce Bernal
2,Álex de la Iglesia
2,Sachin
2,Rian Johnson
2,Alejandro Agresti
2,Husam El-Gohari
2,Shlok Sharma
2,Jeremy Kenyon Lockyer Corbell
2,Tope Oshin
2,Jani Lachauer
2,Nagraj Manjule
2,Shashanka Ghosh
2,Wolfgang Petersen
2,Eric Radomski
2,Aditya Kripalani
2,Philipp Stölzl
2,Robert O. Peters
2,Martin Campbell
2,Shirish Kunder
2,Trey Edward Shults
2,Michèle Ohayon
2,Navaniat Singh
2,Alex Proyas
2,Alistair Legrand
2,Tom Hooper
2,Brian De Palma
2,Gianfranco Rosi
2,Ari Sandel
2,N. Linguswamy
2,Mariano Cohn
2,Wes Craven
1,Sandra Restrepo
1,Karl Mueller
1,Michael Larnell
1,Victor Dal Chele
1,Eric Stoltz
1,Anthony Veiller
1,Limbert Fabian
1,Kireet Khurana
1,Sherif Mandour
1,Ravi Babu
1,Ayaan Mukherji
1,Josh Wakely
1,Coerte Voorhees
1,Sagar Sarhadi
1,Nicholas Stoller
1,Anand Kamalakar
1,Shadab Khan
1,Leif Tilden
1,Jeffrey Nachmanoff
1,Cecilia Peck
1,Çagan Irmak
1,Glen Winter
1,Fazila Allana
1,Téo Frank
1,Chris Weitz
1,Leopoldo Aguilar
1,Mukul Anand
1,Marty Stalker
1,Moinak Biswas
1,Jim Gable
1,Felix van Groeningen
1,Amit Saxena
1,Jung Ji-woo
1,Numa Perrier
1,Adam Leon
1,Sartaj Singh Pannu
1,Uwe Boll
1,Jordi Llompart
1,Deepika Narayan Bhardwaj
1,Lô Politi
1,Keiko Yagi
1,Philipp Eichholtz
1,Isaki Lacuesta
1,Dave Green
1,N. Chandra
1,Robert Nixon
1,Sudhanshu Saria
1,K. Rajagopal
1,Michael Winterbottom
1,Alison E. Rose
1,Hashim Nadeem Khan
1,Rob Marshall
1,Birkan Pusa
1,Harry Chaskin
1,Laura Alvea
1,Mickey Liddell
1,Anthony Minghella
1,Brett Whitcomb
1,Anders Sømme Hammer
1,Zachary Heinzerling
1,Reiner Holzemer
1,William Bindley
1,Kiko Cruz Claverol
1,Farjad Nabi
1,Steven C. Miller
1,Spencer Williams
1,Max Amini
1,Karey Kirkpatrick
1,Kike Maíllo
1,M.J. Isakson
1,Patrick Graham
1,Jean-Loup Felicioli
1,Fuwad Khan
1,Elizabeth Banks
1,Philip Einstein Lipski
1,David Palmer
1,Fabrizio Copano
1,Elisabeth Vogler
1,Michael Feifer
1,Rob LaDuca
1,Anuranjan Premji
1,Mandie Fletcher
1,Theodore Witcher
1,Vivek Wagh
1,Rahul Ravindran
1,Andrew C. Erin
1,Brandon Somerhalder
1,Amitabha Singh
1,Ranjit Jeyakodi
1,Dimitri Logothetis
1,Shree Narayan Singh
1,Shagufta Rafique
1,Mads Matthiesen
1,Benjamin Ross
1,Gurudev Bhalla
1,Pablo Martin Farina
1,John Sturges
1,Fabrice Du Welz
1,Jason James
1,Christopher S. Rech
1,Rachel Bell
1,Jennifer Phang
1,Adze Ugah
1,Robert Schwentke
1,Rajan Madhav
1,Hannah Fidell
1,David Johndrow
1,Paul Berczeller
1,James Ivory
1,Terri Randall
1,Doesjka van Hoogdalem
1,Wilson Coneybeare
1,Gil Kenan
1,Jay Russell
1,Paul Katis
1,Marcelo Altmark
1,Josh Mendoza
1,Greg Pritikin
1,Nana Ekvtimishvili
1,Akiva Goldsman
1,Shaul Schwarz
1,Emilio Martínez Lázaro
1,Jesse Allain-Marcus
1,Michael Winnick
1,Lydia Tenaglia
1,Edward Ellis
1,Thomas Meadmore
1,Nalan Kumarasamy
1,Nathan Greno
1,Sara Colangelo
1,Marcelo González
1,Federico D'Alessandro
1,John Papola
1,Dylan Southern
1,Amaan Khan
1,Simon Savelyev
1,Han Qing
1,Giulia Clark
1,Visute Poolvoralaks
1,Brendan Byrne
1,Richard da Costa
1,Benjamin Arfmann
1,Gavin O'Connor
1,Riccardo Pilizzeri
1,Troy Nixey
1,Manav Shah
1,Ramón Salazar
1,Adam Deyoe
1,Jim Mickle
1,Onur Bilgetay
1,Mu Chu
1,Sunkanmi Adebayo
1,Shirley Frimpong-Manso
1,Alik Sakharov
1,Ah Loong
1,Tigmanshu Dhulia
1,Paul Feig
1,Roly Santos
1,Samit Kakkad
1,B. Unnikrishnan
1,Arjun Jandyala
1,Balu Mahendra
1,Bernard Rose
1,Koichi Mashimo
1,Brandon Dickerson
1,Andrew Douglas
1,Amol Palekar
1,Dennis Bartok
1,Lisa Arnold
1,Reuben Atlas
1,Joey Kern
1,Vicente Villanueva
1,Jorge M. Fontana
1,Pablo D'Alo Abba
1,Jacob LaMendola
1,Charlie Haskell
1,Jami
1,So Yong Kim
1,Jim Fall
1,Sam Dunn
1,Shonali Bose
1,Curro Velázquez
1,Katherine Brooks
1,John Smithson
1,Prem Soni
1,Saji Surendran
1,Roger Young
1,Pavel Parkhomenko
1,Jang Jae-hyun
1,Ahmed Khaled Moussa
1,Ishaya Bako
1,Alex Merkin
1,Xu Zhang
1,Milind Dhaimade
1,Ashwiny Iyer Tiwari
1,Benson Lee
1,Aaron Hancox
1,Yuki Yamato
1,Marek Losey
1,Sung-soo Kim
1,Atul Malhotra
1,Marius Arnesen
1,Stuart Orme
1,Rob Meyer
1,Smeep Kang
1,Carlos Sedes
1,Lorene Machado
1,Joey Curtis
1,Vonda Harrell
1,Gary Fleder
1,Mario Miscione
1,Dan Krauss
1,Nobuyuki Takeuchi
1,Caio Cobra
1,Abdellatif Kechiche
1,Harald Zwart
1,Raj R
1,Shinsuke Sato
1,Albert Sharpe
1,Yim Pilsung
1,Harry Baweja
1,Jerry G. Angelo
1,Alberto Arnaut Estrada
1,Magdy Al-Hawwary
1,Tommy Avallone
1,Carol Reed
1,Ben Pluimer
1,Victoria Bromley
1,DJ Chen
1,Anindya Chatterjee
1,Thomas Stuber
1,Bradley Parker
1,Nadia Hallgren
1,Michael Kennedy
1,Nils Tavernier
1,Yuen Wo-Ping
1,Jon Watts
1,Esteban Crespo
1,Robert Clouse
1,Miguel Conde
1,Viju Mane
1,Stephen Belber
1,Lee Yoon-jung
1,Paul Shoulberg
1,Natalie Portman
1,Rudradeep Bhattacharjee
1,Jeffrey C. Bell
1,Meisa Felaroze
1,Linda Saffire
1,Chandra Barot
1,Louise Alston
1,Aadish Keluskar
1,Claus Wehlisch
1,Jacob Schwab
1,Henry Hathaway
1,George Stevens
1,Leanne Gater
1,Majid Al Ansari
1,Guy Vasilovich
1,Michael Lennox
1,Drea Cooper
1,Meghna Gulzar
1,Drue Metz
1,Agnidev Chatterjee
1,Ritesh Batra
1,Adam Alleca
1,Ken Loach
1,Alex Smith
1,Arun Chidambaram
1,Angelika Sigl
1,Brodje Wemboendja
1,J. Michael Long
1,Stuart Heisler
1,Pooja Bhatt
1,Arthell Isom
1,Yayo Herrero
1,Scott Mosier
1,Irek Dobrowolski
1,Ajay Phansekar
1,Amitava Bhattacharya
1,Clay Porter
1,Andy Caballero
1,Daniel Calparsoro
1,Eric Drath
1,Saket Chaudhary
1,Evan Spiridellis
1,Augusto Matte
1,Suman Mukhopadhyay
1,Mark Helfrich
1,Roman Coppola
1,Lori Kaye
1,Nancy Schwartzman
1,Vikram Pradhan
1,Raam Reddy
1,Rick Benattar
1,Tan Bing
1,Phillip Youmans
1,Lyric R. Cabral
1,Sacha Wolff
1,Sean Menard
1,Abhijit Kokate
1,Andrew Goth
1,Asri Bendacha
1,Chris McCoy
1,Kyle Rideout
1,Tekin Girgin
1,Adam Del Giudice
1,Billy Corben
1,Manop Janjarasskul
1,Gary David Goldberg
1,Jennifer Siebel Newsom
1,Jeffrey W. Byrd
1,Matt Reeves
1,Shanawaz Nellikunnil
1,Adrian Teh
1,Jean-Simon Chartier
1,Aaron Moorhead
1,Max McGill
1,Sophie Sartain
1,Rusty Nixon
1,Nabil Ayouch
1,Halder Gomes
1,Partha Chakraborty
1,Marco Schnabel
1,Kate Melville
1,Juan Antonio de la Riva
1,Anatole Litvak
1,Pierre Coré
1,Jonathan Ignatius Green
1,Raj B. Shetty
1,Esteban Sapir
1,Ben Howling
1,Ali Bin Matar
1,Ganesh Kadam
1,Fernando Frías De La Parra
1,Conor Allyn
1,Nandita Das
1,Y. Joon Chung
1,Steve Cheng
1,Chris Bouchard
1,Grant S. Johnson
1,Alphonso J. Wesson
1,Michael Buster
1,Amarpreet G S Chabbra
1,Rebecca Harrison
1,Peter Sattler
1,Sarah Holt
1,Ken Marino
1,Luis A. Scalella
1,Stephen Murray
1,Andy Serkis
1,Ibai Abad
1,John Michael McDonagh
1,Kyzza Terrazas
1,Monika Mitchell
1,Anthony Abrams
1,Jesse Adang
1,Yoshiyuki Momose
1,Mary Harron
1,Natalia Garagiola
1,Kees Van Oostrum
1,Olivier Marchal
1,Tobe Hooper
1,Walerian Borowczyk
1,Jody Hill
1,Devin Chanda
1,Mamoru Oshii
1,Danny Leiner
1,Brent Bonacorso
1,Victor Levin
1,Vijay Roche
1,Bruno Ascenzo
1,Mahmoud Sabbagh
1,Mag Hsu
1,Renny Harlin
1,Adam Egypt Mortimer
1,Saket Behl
1,Tom Shadyac
1,Lee Eung-bok
1,Clark Johnson
1,Buzz Kulik
1,Melinda Janko
1,Jonathan Glazer
1,Girish Mohite
1,Rima Das
1,Karan Shivajirao Chavan
1,Punit Malhotra
1,Tim Hill
1,Iman Brotoseno
1,Will Eisenberg
1,Chris Renaud
1,Manuel Martín Cuenca
1,Sebastian DiNatale
1,Peter Ho
1,Saurav Palodhi
1,Daniel Camenisch
1,Marston Sawyers
1,Jennifer Baichwal
1,Gavin Yap
1,Chad L. Scheifele
1,Datta Mohan Bhandare
1,Luis Estrada
1,Mangesh Kanthale
1,Mina Shum
1,Héctor Gálvez
1,Sushrut Jain
1,Alan Rickman
1,Tanveer Khan
1,Daniel Ablin
1,Ziga Virc
1,Greg Mottola
1,Sergio Leone
1,Allen Hughes
1,Liu Bang-yao
1,Jason Sussberg
1,Chad Archibald
1,Shivendra Singh Dungarpur
1,Johan Brisinger
1,Clementine Malpas
1,Hidetaka Inazuka
1,Lynn Novick
1,Aijaz Khan
1,Sanjay Gupta
1,Bryan Singer
1,Diego Corsini
1,V. K. Prakash
1,Ben Brewer
1,Rahat Rahman
1,Lotje Sodderland
1,April Mullen
1,Brandon Oldenburg
1,Michael Mason
1,Tony Leondis
1,Gary Mak
1,Amit Roy
1,Patrick Leung
1,Jordan Brady
1,Kubilay Sarikaya
1,Richard Ladkani
1,Ajithkumar
1,Hiroshi Katagiri
1,James Foley
1,Roberta Grossman
1,Tanuj Bhramar
1,Phil Roman
1,Robert Moresco
1,Jérémy Clapin
1,Tom Edmunds
1,Masaru Matsumoto
1,Milla Harrison-Hansley
1,Rob Silvestri
1,Mateo Gil
1,Daniel Lee
1,Marina Zenovich
1,José Eduardo Belmonte
1,Justin Bare
1,Kaspar Astrup Schröder
1,Sam Wrench
1,James Spinney
1,Luke Kenny
1,Tony Stone
1,Keerthi
1,Shan Hua
1,Oskar Santos
1,Karim El Sobky
1,Raymond Wood
1,Aleksey German
1,Hua Shan
1,Barry Jenkins
1,Samu Fuentes
1,Kavi Raz
1,Bryan Buckley
1,James Gunn
1,Shelly Chopra Dhar
1,Anna Boden
1,Daniela Goggi
1,Oz Rodriguez
1,Jon J. Whelan
1,Kazuya Tsurumaki
1,Jim Stenstrum
1,Saheed Arafath
1,Andrew Mogel
1,Roy Campanella II
1,Dhanush
1,Felix Chong
1,Masaaki Yuasa
1,Vijay Kumar Arora
1,Icíar Bollaín
1,Guntur Soeharjanto
1,Mark Harris
1,Umer Adil
1,Alex Infascelli
1,Jon Garaño
1,Brian Niles
1,Gauravv K Chawla
1,Zatella Beatty
1,Ahmed Zain
1,You-Jeong Chang
1,Tom Gianas
1,Craig Monahan
1,Owen Egerton
1,Johanna Demetrakas
1,Bharat Jain
1,Antonio Campos
1,Gillian Armstrong
1,Seren Yüce
1,Makoto Shinkai
1,Joachim Fest
1,Dan Harris
1,Gordon Parks
1,Geun-hyun Cho
1,Tyler Perry
1,Johannes Roberts
1,Sergio Goyri Jr.
1,Adam Randall
1,Tom Fassaert
1,Gail Willumsen
1,D.B. Weiss
1,Graham Townsley
1,Bryce Wagoner
1,Amit Rai
1,Sachin Kamlakar Khot
1,Jim Field Smith
1,Ridley Scott
1,Jeffrey Friedman
1,Tom Stern
1,Jakob Verbruggen
1,Julien Abraham
1,Michael Del Monte
1,Krishna Vamshi
1,Saara Cantell
1,Hiroshi Yamazaki
1,Puri Jagannadh
1,Debra Granik
1,Paul Greengrass
1,Marco Dutra
1,Brie Larson
1,Dallas Jackson
1,Mark Craig
1,Brandon Camp
1,Fedor Lyass
1,Amman Abbasi
1,Trisha Ziff
1,K. Gopinathan
1,Laurent Bouzereau
1,Marja Lewis Ryan
1,Phanindra Narsetti
1,Meghan O'Hara
1,Iain Softley
1,David Raynr
1,Vrinda Samartha
1,Nicole Holofcener
1,Rodrigo Salomón
1,Devika Bhagat
1,Joel Crawford
1,Brant Sersen
1,Jason Bourque
1,Peter Howitt
1,John Lyde
1,Kelly Reichardt
1,Charlotte Zwerin
1,Jon Carey
1,Stephen Cone
1,Jon Freeman
1,Paresh Mokashi
1,Gafoor Y. Elliyaas
1,Kyle Rankin
1,Gurvinder Singh
1,Raj N. Sippy
1,Perry Lang
1,Josh Izenberg
1,Robbie Grewal
1,Richard Maurice
1,Kasper Collin
1,Maha Venkatesh
1,Gabriel Grieco
1,Rachel Lears
1,Anand Tiwari
1,Tamara Jenkins
1,Sam Patton
1,Joseph Mbah
1,Fluvio Iannuci
1,Satish Manwar
1,Bhavik Thakore
1,Doron Paz
1,Xavier Gens
1,Clay Kaytis
1,Thiagarajan Kumararaja
1,Ken Hughes
1,Go Koga
1,Enrique García Meza
1,Prakash Balwant Saini
1,Corey Grant
1,Lonny Price
1,Jeon Go-woon
1,Franck Ribière
1,Yasushi Kawamura
1,Yann Gozlan
1,Sandeep Mohan
1,Saurabh Kabra
1,Marie Madinier
1,To-hoi Kong
1,Fernando Coimbra
1,Alexandros Avranas
1,Mariano Mucci
1,Bruce Gowers
1,John Curran
1,Tanwarin Sukkhapisit
1,Oscar Micheaux
1,Hugh WIlson
1,Tarek Abdel Moaty
1,Marco Deufemia
1,Nanette Burstein
1,Ajay Bahl
1,Jeff Wadlow
1,Ian Nelms
1,Biyi Bandele
1,Enrico Bisi
1,Matthew Miele
1,Mandla Dube
1,Vijay Lalwani
1,Bassam Kurdali
1,Lea Glob
1,Linda Otto
1,Anant Balani
1,Craig Moss
1,Lenny Abrahamson
1,Peter Webber
1,Rajesh Mapuskar
1,Raúl Campos Delgado
1,David France
1,Sanjiv Jaiswal
1,Jay Surridge
1,Gilbert Chan
1,Keith Malloy
1,Abba T. Makama
1,Evgeny Afineevsky
1,Riccardo Milani
1,Woody Allen
1,Bin Bunluerit
1,Jill Culton
1,Nicholaus Goossen
1,Trevor Ryan
1,Nicholas McCarthy
1,Andrew Wessels
1,Peter Nicks
1,Paween Purikitpanya
1,Fred Cavayé
1,Gavin Fitzgerald
1,Craig Gillespie
1,Madeleine Gavin
1,Prabhuraj
1,Pramod Pawar
1,Jeff Margolis
1,Brad Rothschild
1,Rarecho
1,Garin Nugroho
1,Muh Chen
1,Taki Oldham
1,Chris Blake
1,Daniel Raim
1,Alex Garland
1,Paul M. Green
1,Saandeep Patel
1,Henrik Ruben Genz
1,Louie Psihoyos
1,Meng Hua Ho
1,Måns Mårlind
1,Salima Koroma
1,David L.G. Hughes
1,Yanyong Kuruaungkoul
1,Eric Summer
1,Gordon Chan
1,Florian Gallenberger
1,Luke Jurevicius
1,Ralph Macchio
1,Patrick Osborne
1,Eric Bross
1,Jason Priestley
1,Bob Odenkirk
1,Tim Skousen
1,Mathieu Kassovitz
1,K. Ramanlal
1,Nicholas Kharkongor
1,Awi Suryadi
1,Ian Samuels
1,Stephanie Soechtig
1,Tomas Portella
1,Shalini Kantayya
1,Hazem Fouda
1,Nick Gomez
1,Grant Korgan
1,Nicholas de Pencier
1,Óskar Thór Axelsson
1,Ralph Hemecker
1,Siu-hung Chung
1,Sydney Freeland
1,Bhushan Patel
1,Joanna Lombardi
1,Sanjeev Gupta
1,Jamie M. Dagg
1,Yasushi Muraki
1,Christopher Chambers
1,Matt Shakman
1,Mike Mills
1,Eric Schlosser
1,Vic Armstrong
1,Hark Tsui
1,Gautier & Leduc
1,Eric Juhola
1,Lilibet Foster
1,Simon Curtis
1,Rakshith Thirthahalli
1,M.J. Bassett
1,Darren Lynn Bousman
1,Jeannot Szwarc
1,Krishnendu Chattopadhyay
1,Tom Donahue
1,Dan Lucchesi
1,Nathanael Wiseman
1,Peter Ramsey
1,Erwin van den Eshof
1,Bilal Lashari
1,Sam Hobkinson
1,Akshay Akkineni
1,Jon Manning
1,George Clooney
1,Leïla Sy
1,Nirpal Bhogal
1,Vandana Kataria
1,Richard Michaels
1,Frant Gwo
1,Alex Timbers
1,Ketche
1,Michael Petroni
1,Yesim Ustaoglu
1,John Murlowski
1,Dean Wright
1,Shekhar Kapur
1,Lars Kaalund
1,Luis Javier Henaine
1,Raymie Muzquiz
1,Baz Luhrmann
1,Mohammed Saeed Harib
1,Leung Lok Man
1,Ahmed El Gendy
1,Travis Zariwny
1,Raaghav Dar
1,Sonia Kennebeck
1,Ekachai Uekrongtham
1,Huang Jianming
1,Christel Gibson
1,Zakariya
1,Michael Barnett
1,Jason Cohen
1,Pa. Ranjith
1,Yusuf Pirhasan
1,Matthew Robinson
1,Scot McFadyen
1,Curtis Hanson
1,Hugh Stewart
1,Tomm Moore
1,Mark Lewis
1,Neil Burger
1,Rolfe Kanefsky
1,Wael Ehsan
1,Ira Sachs
1,Randal Kleiser
1,Jung-woo Park
1,Nekfeu
1,Cary Murnion
1,Samar Khan
1,David Felix Sutcliffe
1,Bart Freundlich
1,Alana Waksman
1,Wayne Blair
1,Neslihan Yesilyurt
1,Diego Enrique Osorno
1,Shadi Ali
1,Ryan Moody
1,Nishil Sheth
1,Danny J. Boyle
1,Peter Middleton
1,John Voorhees
1,Jeremy Konner
1,Anthony Pierce
1,Navneet Behal
1,Amshan Kumar
1,Chandran Narikode
1,Wong Fei-Pang
1,Mark Murphy
1,Ashu Trikha
1,Dax Shepard
1,Tiller Russell
1,Sébastien Betbeder
1,David Stubbs
1,Prawal Raman
1,Pedring A. Lopez
1,Torquil Jones
1,Julio Fernández Talamantes
1,Dilip Mehta
1,Dileep Narayanan
1,Kitty Green
1,Gareth Sacala
1,Arjun Gourisaria
1,Allan Ungar
1,Marek Piwowski
1,Cavi Borges
1,Simon J. Smith
1,Chi Fat Chan
1,Piti Jaturaphat
1,Daniel Yee Heng Chan
1,Ian Cheney
1,David Beier
1,Shojiro Nishimi
1,Hoyt Yeatman
1,Antongiulio Panizzi
1,André Øvredal
1,Jim Monaco
1,Elite Zexer
1,Kim Sung-hoon
1,Arun Vaidyanathan
1,Wim Wenders
1,Alan Hicks
1,C.J. Wallis
1,Guillermo de Oliveira
1,Jakob Lass
1,Steve Antin
1,Peggy Holmes
1,Craig Elrod
1,Kristina Goolsby
1,Oren Peli
1,Ricardo Maldonado
1,Anthony Scott Burns
1,Nicolas Cotto
1,Sandeep Chatterjee
1,Austin Stark
1,Steven Gomez
1,Praveen Nischol
1,Ali F. Mostafa
1,Elaine Bogan
1,Ivan Sen
1,Maria Demeshkina Peek
1,Lionel C. Martin
1,Sean Olson
1,Vijay Kumar
1,Richard Greenberg
1,Joel Gallen
1,Ashley York
1,Nina Paley
1,Zach Clark
1,Mario Rouleau
1,Damani Baker
1,David Serrano
1,Jason Stone
1,Roger Russell
1,Karim Amer
1,Kirati Nakintanon
1,Jelle de Jonge
1,William Monahan
1,Justin Chon
1,Philip Marlatt
1,Ruel S. Bayani
1,Paul Schrader
1,Nathan Ives
1,Jay Chou
1,Johnny To
1,Fabio Resinaro
1,Anthony Palmer
1,Amber Tamblyn
1,Yoav Paz
1,Nic Mathieu
1,Ildiko Enyedi
1,Deniz Gamze Ergüven
1,Jevons Au
1,Jon Spira
1,Ari Folman
1,Jeremy Seifert
1,Hepi Mita
1,David Shisgall
1,Brendon Marotta
1,Mauro Scandolari
1,Mario Mattei
1,Charles A. Nichols
1,Sanjib Dey
1,Sarjun
1,David Allensworth
1,Michael Thelin
1,Brit McAdams
1,Jennifer Kaytin Robinson
1,Lawrence Cheng
1,Vijay
1,Jon Schnitzer
1,James Brown
1,Peter Lepeniotis
1,Rich Ragsdale
1,Partho Mitra
1,Chris Sanders
1,Jean-Marc Vallée
1,Christian Charles
1,Fab Five Freddie
1,Tomer Heymann
1,Janet Tobias
1,Mitzi Vanessa Arreola
1,Jorge Blanco
1,Sonia Lowman
1,Law Wing-cheong
1,William H. Macy
1,Rene Bueno
1,Andrzej Bartkowiak
1,Cyrus Saidi
1,Nik Amir Mustapha
1,Carlos Algara
1,Vishnu Govindhan
1,Liam Lynch
1,Devashish Makhija
1,Nick Mead
1,Llewellyn M. Smith
1,Gary Wheeler
1,Rebecca Zlotowski
1,William Kaufman
1,Robert Berlinger
1,Josh Lowell
1,Alice Rohrwacher
1,Christian Herrendoerfer
1,Brett Haley
1,Joshua Oppenheimer
1,Ross Hockrow
1,Julia Hart
1,Patrik Syversen
1,James Toback
1,Sumit Das
1,Keith L. Smith
1,Gervasio Iglesias
1,Debaloy Dey
1,Erik Matti
1,Daniele Thompson
1,Kelly Fremon Craig
1,Lukas Dhont
1,Don Mancini
1,John Woo
1,Ranjit Tiwari
1,Andrew Nackman
1,Shazia Javed
1,Gideon Raff
1,Smriti Keshari
1,Rosa Márquez
1,Erik White
1,Don Omope
1,Jackie van Beek
1,Lauren Hoekstra
1,Deane Taylor
1,Sam Voutas
1,Jacqueline Monetta
1,Tom Holland
1,Robert Cannan
1,Paul Taublieb
1,Mike Rossiter
1,Shady Ali
1,Quinn Lasher
1,Richard E. Norman
1,YC Tom Lee
1,Gregg Bishop
1,Richard Correll
1,Norman Jewison
1,Drew Stone
1,Rajeev Chaudhari
1,Shikha Makan
1,Jack Starrett
1,Dheeraj Berry
1,Ossama Abu El Atta
1,Hayato Date
1,Paul Brizzi
1,Saravana Rajendran
1,Dean White
1,Billy Bob Thornton
1,Micah Bickham
1,John Lee
1,Claire Scanlon
1,Pablo Parés
1,Ehtesham Uddin
1,Hèctor Hernández Vicens
1,Shawn Crahan
1,Noushad
1,Matthew Vaughn
1,Jake Paltrow
1,Felix Van Groeningen
1,Andreas Pichler
1,David Soren
1,Kevin Phillips
1,Paul Haggis
1,Dava Whisenant
1,Sushil Majumdar
1,Jenny Gage
1,Vinod Kapri
1,Ken Kushner
1,Leslye Headland
1,Sohail Tatari
1,White Trash Tyler
1,Otilia Portillo Padua
1,Mark Herman
1,Antoine Bardou-Jacquet
1,Jon Turteltaub
1,Benny Fredman
1,Biswajeet Bora
1,José Ortuño
1,Kevin R. Adams
1,Ísold Uggadóttir
1,Ari Levinson
1,Laxman Utekar
1,Joe Miale
1,Sebastián Schindel
1,Eva Orner
1,Espen Sandberg
1,Heather Walsh
1,Nora Ephron
1,Kevin Lima
1,Brian M. Conley
1,James Dearden
1,Oren Uziel
1,Sara Dosa
1,Jordan Ross
1,George C. Wolfe
1,Alejandro G. Iñárritu
1,David Salzberg
1,Pierre Morel
1,Isabel Coixet
1,Michael Polish
1,Mat King
1,Jack Zagha Kababie
1,Will Eubank
1,Luca Vullo
1,Susannah Heath-Eves
1,Anil Thomas
1,Lawrence Kasdan
1,Woo Ming Jin
1,Oliver Frampton
1,Noël Wells
1,Christopher Ray
1,Michael Socha
1,Mohsin Ali
1,Paul Solet
1,Adam MacDonald
1,Lauren MacMullan
1,Michael Bonfiglio
1,Steven Bognar
1,Adam Schlesinger
1,Kaila York
1,Ben C. Lucas
1,Nisheeta Keni
1,Pranav Singh
1,Michael Civille
1,Joe Dietsch
1,Mark Raso
1,Sinan Akkuş
1,Max Pugh
1,Radhu Karmakar
1,Arthur Allan Seidelman
1,Michael Barrett
1,Lena Khan
1,Paul Demeyer
1,Benny Chan
1,Rhiannon Bannenberg
1,Wynn Padula
1,Trey Nelson
1,David Wnendt
1,Sittisiri Mongkolsiri
1,Charles Officer
1,Howard Zieff
1,Paula Apsell
1,Rob Burnett
1,Krish
1,Mark Franchetti
1,Jennifer Morrison
1,Éric Warin
1,Tony Zierra
1,Julie Taymor
1,Seiji Mizushima
1,Steve Rash
1,María Jose Cuevas
1,Katia Lund
1,Alex Coletti
1,Avinash Das
1,Milind Rau
1,Maya Gallus
1,Mukesh Vohra
1,Kevin Bray
1,Sudhish Kamath
1,Sanjay Leela Bhansali
1,Michael Doneger
1,Mansore
1,Van M. Pham
1,Zach Braff
1,Sedat Kirtan
1,Maz Jobrani
1,Ken Kwapis
1,Roy Poortmans
1,Luke Snellin
1,John Edginton
1,Anthony Byrne
1,John Trengove
1,Raúl Arévalo
1,Atharv Baluja
1,Liu Jiang
1,Deepti Naval
1,Max Martini
1,Juan Carlos Rulfo
1,Sujeeth
1,Jeremiah Zagar
1,Josh Koury
1,Pablo Giorgelli
1,Byun Hyuk
1,Raz Degan
1,Amalie Næsby Fick
1,John Dower
1,Morgan Pehme
1,David Lowery
1,Joris Ivens
1,Steve McLean
1,P.K. Baaburaaj
1,Rob W. King
1,Maciej Dejczer
1,Wong Kar Wai
1,Aitor Arregi
1,Maria Pulera
1,Lev L. Spiro
1,Abhinav Shiv Tiwari
1,Adam Marino
1,Luke Radford
1,Raj Amit Kumar
1,Tim Johnson
1,Rodrigo Reyes
1,Asim Raza
1,Han Yan
1,Emanuel Hoss-Desmarais
1,Moses Inwang
1,Eliane Brum
1,Oliver Blackburn
1,Clovis Cornillac
1,Ben Wheatley
1,Stinus Morell Vithner
1,Renato De Maria
1,Mark Ritchie
1,Chris Kelly
1,Amir Galvan Cervera
1,Syamsul Yusof
1,Brian Baugh
1,Attila Till
1,Rakesh Mehta
1,Ng Ka-Leung
1,Kirby Dick
1,Jayaraj Rajasekharan Nair
1,C. Fitz
1,Todd Biermann
1,Gauri Shinde
1,Johnny Castuciano
1,John Maclean
1,Kevin Peeples
1,Florent Bodin
1,Lucy Cohen
1,Cosmo Feilding-Mellen
1,Nicholas Hytner
1,Soukarya Ghosal
1,Sion Sono
1,John Stewart Muller
1,Bernie Denk
1,Kepa Sojo
1,Matthew Atkinson
1,Ritu Sarin
1,Fellipe Barbosa
1,Adam Larson Broder
1,John Ridley
1,Michael Curtiz
1,Vibeke Idsøe
1,Everardo Gout
1,Ed Lilly
1,Colin Teague
1,David Benioff
1,Scott McAboy
1,Jagdeep Sidhu
1,Sarah Kruchowski
1,Estela Renner
1,Fred Durst
1,Constance Marks
1,Richard Mears
1,Nicholas Winter
1,Vanessa Roth
1,Michael Roberts
1,Riki Lindhome
1,A. Salaam
1,Tejas Prabha Vijay Deoskar
1,Sean Foley
1,James L. Brooks
1,Ruben Fleischer
1,Eduardo Mendoza de Echave
1,Fredric Lean
1,Sylvain Blais
1,Syed Ahmad Afzal
1,Philippe Falardeau
1,Felipe Cano
1,John A. Davis
1,Aamir Bashir
1,Cal Saville
1,Cheta Chukwu
1,Jonathan Taylor
1,Julius Avery
1,Ian Barber
1,Billy Lyons
1,Bill Plympton
1,Rushmore DeNooyer
1,Stefan Brogren
1,Mike Disa
1,Cate Shortland
1,Ahmad Samir Farag
1,Ross Kauffman
1,Alex Parkinson
1,Don Bluth
1,Titien Wattimena
1,Mark Waters
1,D Ho
1,Remy Kohli
1,Jean-Pierre Dardenne
1,David Briggs
1,David Alvarado
1,Santwana Bardoloi
1,Tom Green
1,Daniel Sánchez Arévalo
1,Gonzalo Bendala
1,Jeremy David White
1,Anita Barbosa
1,Huang Lei
1,Jonathan Milott
1,Steve Boettcher
1,Blake Harris
1,Rodney Rothman
1,Gabe Turner
1,V. Scott Balcerek
1,Jasmine D'Souza
1,Hasan Aljaberi
1,Umesh Ghadge
1,Ali Scher
1,Ivona Juka
1,Mark Palansky
1,Richie Smyth
1,Yibrán Asuad
1,Wade Allain-Marcus
1,Daniel Arasanz
1,Martin Hodara
1,Bobby Roth
1,William Friedkin
1,Ben A. Williams
1,Mariano Barroso
1,Fritz Ofner
1,Michael James Regan
1,Alan Mak
1,Andrew Bujalski
1,Jeannie Gaffigan
1,Shanker Raman
1,Chiwetel Ejiofor
1,Saurabh Sinha
1,Greg Coolidge
1,Pawan Kripalani
1,Michael Gallagher
1,Kiki Goshay
1,Meltem Bozoflu
1,Sachin Kundalkar
1,Marc Abraham
1,Mark Steven Johnson
1,Richard LaGravenese
1,Tom Forrest
1,Shashilal K. Nair
1,Liu Jie
1,Jennifer Brea
1,Aaron Woolf
1,Mike Nicoll
1,Sam O'Steen
1,Genndy Tartakovsky
1,Shazia Ali Khan
1,Yorgos Lanthimos
1,Laurent Cantet
1,Ashish R. Shukla
1,George Mendeluk
1,Adam Nimoy
1,Christian Tureaud
1,Chi Keung Fung
1,Paulo Oriol
1,Carlos Bolado
1,Mitch Gould
1,Levan Tsikurishvili
1,Julie Dash
1,Andrew Slater
1,Bruno Garotti
1,David Pastor
1,Nonzee Nimibutr
1,Dan Bush
1,Andreas Johnsen
1,Jun-seong Kim
1,Frank W Chen
1,Marc Forster
1,Lu Yang
1,Chandra Prakash Dwivedi
1,Elizabeth Wood
1,Moto Sakakibara
1,Phil Morrison
1,André D'Elia
1,Denis Villeneuve
1,Patricia Ferreira
1,Kyran Kelly
1,Sam Upton
1,Jenny Carchman
1,Charles Walters
1,Samuel Jouy
1,Arie Azis
1,Kevin Donovan
1,Wally Pfister
1,Vasan Bala
1,Matt Tyrnauer
1,Ellen Brown
1,Bhagyaraj
1,Dhruv Dhawan
1,Ed Perkins
1,Michael A. Nickles
1,Alessio Cremonini
1,Pieter Kuijpers
1,Pablo Larraín
1,Marcus Nispel
1,Sunil Kumar Agrawal
1,Sean Hanish
1,Faraz Haider
1,Andrea Molaioli
1,Manu Ashokan
1,Andrew Renzi
1,Ram
1,Adam Sjöberg
1,Simon Napier-Bell
1,Jake Szymanski
1,Gary Wang
1,Geoff Anderson
1,Carly Stone
1,Kazuya Murata
1,Andrew Jenks
1,Marcel Barrena
1,Greg Strause
1,Raffi Ahmad
1,Tanit Jitnukul
1,Peter Foott
1,Heidi Brandenburg
1,RZA
1,Pradeep Verma
1,Sam Cullman
1,Brian Smith
1,Keenen Ivory Wayans
1,Manoj Beedha
1,Phyllida Lloyd
1,Klaus Erik Okstad
1,Wyatt Cenac
1,Marta Jaenes
1,Jean-Claude La Marre
1,John Erick Dowdle
1,Jon Alpert
1,Michael Seater
1,Vijay Milton
1,Alain Gagnol
1,Michael Whitton
1,Antonin Baudry
1,Navinder Pal Singh
1,Shaad Ali
1,Robin Aubert
1,Diego Luna
1,Stephen Hopkins
1,Adam Wingard
1,Kyle Patrick Alvarez
1,Roy Burdine
1,Alê Abreu
1,Tomoki Kyoda
1,Tinge Krishnan
1,Kim Jee-woon
1,Jaivi Dhanda
1,J.D. Dillard
1,David Chirchirillo
1,Lee Toland Krieger
1,Alex Stapleton
1,Joel Schumacher
1,Scott Martin
1,Marina Seresesky
1,Daniel Burman
1,Jun Lana
1,Manbhavan Singh
1,Jayan Vannery
1,Mike Gabriel
1,Ross Boyask
1,Jijo Pancode
1,Natalia Valdebenito
1,Cosmo Segurson
1,Ding Sheng
1,Stuart Sender
1,Hanno Olderdissen
1,Matthew Hope
1,Nathan Morlando
1,Antonio Chavarrías
1,Ananda Krishnan
1,Artemis Joukowsky
1,Richard Loncraine
1,Wi Ding Ho
1,Nikhil Nagesh Bhat
1,Robert Markowitz
1,Eric Laneuville
1,Morgan Matthews
1,Pat Healy
1,Adam Dubin
1,Bob Hercules
1,Zeke Norton
1,Stu Livingston
1,Tom Whitter
1,Jon Avnet
1,Grant Heslov
1,Alicky Sussman
1,Frank O'Connor
1,Peter Mortimer
1,Guilherme Fontes
1,Anthony Chan
1,Josh Vietze
1,Francisco Schultz
1,Johnny Kevorkian
1,Justin McConnell
1,Anil Sharma
1,Jacek Koprowicz
1,Floyd Russ
1,James Mangold
1,Chatchai Katenut
1,Ross Adam
1,Girish Joshi
1,Matthew McNeil
1,Bruce McDonald
1,Pieter-Jan De Pue
1,Amardeep Singh Gill
1,Li Jun
1,Shin-yeon Won
1,Ted Braun
1,Shanjey Kumar Perumal
1,Karan Lalit Butani
1,Isaac Florentine
1,John Wells
1,Nancy Meyers
1,Julia Knowles
1,Marc Levin
1,Kathleen Hepburn
1,Nidhi Sharma
1,Jon Reiner
1,John Upchurch
1,Beeban Kidron
1,Kevin Ford
1,Stanley Kubrick
1,Jeff Gill
1,Logan Kibens
1,Jennie Livingston
1,Guillaume Renard
1,Jay Bulger
1,Rai Yuvraj Bains
1,Julia Reichert
1,Tanawat Aiemjinda
1,Stephen Herek
1,Kevin Reynolds
1,Alex Burunova
1,J.F. Musial
1,Bassam Tariq
1,Alex Holmes
1,Colin Dench
1,Alexander Nevsky
1,Michael Apted
1,Gary Shore
1,Yolanda Ramke
1,Eric Zaragosa
1,Kenneth Müller
1,Chen Hung-yi
1,Roger Graef
1,Ahmed Al-Badry
1,Mohit Suri
1,Josh Webber
1,Lucien Jean-Baptiste
1,Scott Hussion
1,Cary Joji Fukunaga
1,Michel Tikhomiroff
1,Jadesola Osiberu
1,Chanon Yingyong
1,Alessandro Pepe
1,Alexandre Aja
1,Serdar Akar
1,John Scheinfeld
1,Raymond McGrath
1,Liz Plonka
1,Kader Aoun
1,Sharon Grimberg
1,Ravi Jadhav
1,Sian Heder
1,Tetsuo Yajima
1,Adam McKay
1,Evan Katz
1,Teng Huatao
1,Manmohan Desai
1,Maximilian Erlenwein
1,Lucky Kuswandi
1,Elisa Fuksas
1,Chad Hartigan
1,Bent-Jorgen Perlmutt
1,Teo Konuralp
1,Ryan Fleck
1,Michael Mazzola
1,Peter Svatek
1,Kevin Derek
1,Amanda Micheli
1,Quinn Kanaly
1,Christopher Murray
1,Roy Boulting
1,Tim Van Someren
1,Fernando Lebrija
1,Anjum Shahzad
1,Lennart Ruff
1,William Eubank
1,Billy Ray
1,Denny Lu
1,Vineeth Anil
1,Ryan Coogler
1,David Bruckner
1,Filip Renc
1,Keith Scholey
1,Ryu Jung-woo
1,Samuel D. Pollard
1,Henry Thurlow
1,Susanne Bier
1,Sunil Soraya
1,Amy Poehler
1,Juan Zapata
1,Juan Manuel Cotelo
1,Agustí Villaronga
1,Mark Tonderai
1,Yoo Byung-jae
1,Stefan Moore
1,Dylan Howitt
1,Nzingha Stewart
1,Daniel Goldhaber
1,Surya S.J.
1,Sophon Sakdaphisit
1,Samir Soni
1,Michelle Johnston
1,Alethea Jones
1,José Miguel Contreras
1,Luis Alberto Restrepo
1,Romain Gavras
1,John Carchietta
1,Sabal Singh Shekawat
1,Ana Lily Amirpour
1,Erol Özlevi
1,Jennifer Lee
1,Bas van Teylingen
1,Julius R. Nasso
1,Barbara Kopple
1,Sean McNamara
1,Kyung Ho Lee
1,Simon Baker
1,Peter Yost
1,Raj Babu
1,Ringo Lam
1,Ryan Murphy
1,Robert Aldrich
1,Jon Greenhalgh
1,David Morris
1,Bruce Leddy
1,Syed Saleh Ahmed Sobhan
1,Christian De Vita
1,John H. Lee
1,Baltasar Kormákur
1,Babak Anvari
1,Tim Bartley
1,David Sampliner
1,Kazumi Fukushima
1,Ajay Bhuyan
1,Vijay Yelakanti
1,Gaby Dellal
1,John Hoffman
1,Greg Young
1,Greg Richardson
1,Santiago Diaz
1,Björn Stein
1,Oded Raz
1,Tolga Örnek
1,Tony Datis
1,David Dietz
1,Harvey Lilley
1,Kheiron
1,Mike Gunther
1,Andrés Couturier
1,Kang Cheng
1,Nick Moore
1,Fernando Colomo
1,Dennis Widmyer
1,Sarik Andreasyan
1,Rick Morales
1,Clay Tweel
1,Chia Tang
1,Jennifer Beamish
1,Alberto Rodríguez
1,José Luis Gutiérrez
1,Jennifer Lynch
1,Eric Aghimien
1,Michael Waxman
1,Måns Herngren
1,Yee Tung-Shing
1,Jonathan van Tulleken
1,Jovanka Vuckovic
1,N.D. Wilson
1,Osman Ali
1,Ian Kirby
1,Bolanle Austen-Peters
1,Miguel Ángel Vivas
1,Bob Persichetti
1,James Woodroffe
1,Mathieu Auvray
1,Kelly Noonan
1,Bruno Stagnaro
1,Mohamed Mostafa
1,Obi Emelonye
1,Carlos Marques-Marcet
1,Todor Chapkanov
1,Katherine Fairfax Wright
1,Tom Stubberfield
1,Brian Robbins
1,Peter Hewitt
1,Christopher Nolan
1,Marty Callner
1,Joseph Sargent
1,Robert Tate
1,Agasyah Karim
1,Monière
1,Svetlana Cvetko
1,Marina Willer
1,Dani Levy
1,Vishal Mishra
1,Kazuaki Kiriya
1,Maris Curran
1,Joe Murray
1,Mike Myhre
1,Maya Forbes
1,Valeria Pivato
1,Célia Catunda
1,Richard Shepard
1,Gurmmeet Singh
1,Dorian Fernández-Moris
1,Simon Wincer
1,Chris Nelson
1,Drew Casson
1,David Gordon Green
1,Richard Brooks
1,Craig Goodwill
1,Eleonore Pourriat
1,Prabhu Deva
1,Andrea Arnold
1,Ippsie Jones
1,Jedd Wider
1,Jathin Sanker Raj
1,Samir Karnik
1,John Stephenson
1,Julien Seri
1,John Irvin
1,Pedro Morelli
1,Louie Gibson
1,Rebecca Addelman
1,Nacho G. Velilla
1,Sandi Tan
1,Suhas Kadav
1,Gary Cohen
1,Raman Kumar
1,Syed Ahmed Shawki
1,David Cantolla
1,Mark Radice
1,Takuya Igarashi
1,Phil Sgriccia
1,Laura VanZee Taylor
1,Joachim Rønning
1,Shinji Aramaki
1,Fabio Grassadonia
1,Rajshree Ojha
1,Mark Williams
1,Philip G. Atwell
1,Girish Malik
1,Ishaan Trivedi
1,Anne Fletcher
1,Pawan Kumar
1,Yarrow Cheney
1,Phil Nibbelink
1,Fumihiko Sori
1,John Barnard
1,Bruce Beresford
1,Deep Joshi
1,Anthony Caronna
1,Anand Tucker
1,Lee Chang-dong
1,Nawapol Thamrongrattanarit
1,Mercedes Cordova
1,Jeeva
1,Hasraf Dulull
1,Maria Burton
1,Kelly Duane de la Vega
1,Keith Fulton
1,James Hawes
1,Ravi Udyawar
1,Víctor García
1,Gerard McMurray
1,Matt Bell
1,Volker Arzt
1,Julien Christian Lutz
1,Vanita Shastry
1,Michael Mayer
1,Rohit Mittal
1,Mahmoud al Massad
1,Julien Leclercq
1,Dean Wellins
1,Liv Ullmann
1,Eva Vives
1,Parthiban
1,Joe DeMaio
1,Toshiyuki Tsuru
1,Néstor Sánchez Sotelo
1,Filippo Gastaldi
1,Kurt Voelker
1,Reijer Zwaan
1,Beyoncé Knowles-Carter
1,David Lam
1,Manjeet Maan
1,Mozez Singh
1,Chuck Russell
1,Michael Kampa
1,Jason Spingarn-Koff
1,Tony Collingwood
1,Brian Volk-Weiss
1,Pascal Blanchard
1,Odunlade Adekola
1,John Herzfeld
1,Robb Dipple
1,David Hebditch
1,Bruce MacDonald
1,Adam Bhala Lough
1,Bryan Fogel
1,Miguel Ángel Lamata
1,Jason Winer
1,Elle-Máijá Tailfeathers
1,Radhika Rao
1,Chris Nahon
1,Brad Peyton
1,Felix Thompson
1,Wagner de Assis
1,Mark Columbus
1,Grant Sputore
1,David Carson
1,Mohd Khairul Azri Bin Md Noor
1,Thomas Vinterberg
1,Khaled Youssef
1,Cole D. Pruitt
1,Abbas Tyrewala
1,Stephen Gyllenhaal
1,Azazel Jacobs
1,Swapna Waghmare Joshi
1,Alexandre Heboyan
1,Shamyl Othman
1,Sebastián Hofmann
1,Martin Rosete
1,Damien O’Connor
1,Wayne Orr
1,J. Davis
1,Andreas Prochaska
1,Erik Nelson
1,Isa Campo
1,Yoshitaka Takeuchi
1,Akin Omotoso
1,Ahishor Solomon
1,Mahmudul Islam
1,Shweta Basu Prasad
1,Mark Osborne
1,Shawn Arranha
1,Charlie Siskel
1,Farhan Alam
1,Lauren Miller Rogen
1,Malik Vitthal
1,Jason Paul Laxamana
1,Susan Glatzer
1,Tony Kaye
1,Selvamani Selvaraj
1,Mark O'Connor
1,Buddhadev Dasgupta
1,Sam Loh
1,Demetri Martin
1,Haissam Hussain
1,Vikram Gandhi
1,Mike Fleiss
1,Padraic McKinley
1,Peter Fison
1,Daniel Scheinert
1,James Rogan
1,Jason Lai
1,Elle Callahan
1,Avinash Arun
1,Michael Radford
1,Atsuko Ishizuka
1,Emir Kusturica
1,Joe Boyd
1,David Cronenberg
1,David McCracken
1,Gabriela Tagliavini
1,Julio Medem
1,Jay Baruchel
1,Partho Sen-Gupta
1,Kyoko Miyake
1,Aytaç Ağırlar
1,Jasbir Bijendra Bhati
1,Sukhbir Singh
1,David Lean
1,Paul Serafini
1,Jason Moore
1,Dar Gai
1,John Hughes
1,Kurt Wimmer
1,Elvira Lind
1,Olly Reid
1,Soumitra Ranade
1,Daniel Gordon
1,John Bridcut
1,Ana Kokkinos
1,Luc Dardenne
1,Anita Udeep
1,Chris Baugh
1,Adam Davis
1,Sarthak Dasgupta
1,Stephanie Laing
1,Stuart Baird
1,Brett Harvey
1,Daniel Wilner
1,Julian Jarrold
1,Gaspar Noé
1,Nam Ron
1,Victor Cook
1,Gaurav Narayanan
1,Arne Birkenstock
1,David Grossman
1,Barney Clay
1,Pascale Lamche
1,Shinji Takagi
1,Ola Flyum
1,Norberto López Amado
1,Valeria Golino
1,Kushal Srivastava
1,Wash Westmoreland
1,Mimi Leder
1,Todd Standing
1,Dharmendra Suresh Desai
1,Hajime Sasaki
1,Jonathan Sobol
1,Stig Bergqvist
1,Anusha Rizvi
1,Mathias Malzieu
1,Nottapon Boonprakob
1,Salvador Calvo
1,Chris Burkard
1,Lucas Figueroa
1,Suzanne Coote
1,Alejandro Doria
1,Michael Blieden
1,Ariel Vromen
1,Mark Risley
1,Michael Arias
1,Tenzing Sonam
1,Ignacio Jaunsolo
1,David Blair
1,Jesús Torres Torres
1,Milan Cheylov
1,Toshiyuki Kanno
1,Toby Trackman
1,Diego Cohen
1,Tom Ford
1,Mary Mazzio
1,Anil V. Kumar
1,Anik Datta
1,Borja Cobeaga
1,Felix Starck
1,Bob Rose
1,Madeleine Parry
1,Indrasis Acharya
1,Fernando Moro
1,Justin Krook
1,Alex Law
1,Benjamin Cohen
1,Chun Wong
1,Aniruddha Roy Chowdhury
1,Joe Russo
1,Andrew J. Smith
1,Sherif Ismail
1,Suseenthiran
1,Erik Ewers
1,Gurinder Chadha
1,Jesús Magaña Vázquez
1,Chang-Min Lee
1,Kunal Deshmukh
1,Sabir Khan
1,Alex Brewer
1,Meenu Gaur
1,Pulkit
1,Simon Verhoeven
1,John Crowley
1,Rémy Four
1,Terry Hughes
1,Olivier Jean-Marie
1,Tamer Bassiouni
1,Jesse Moss
1,Vadim Jean
1,Norton Virgien
1,K. Subhash
1,Tom O'Dell
1,Jeremiah Jones
1,Will Lockhart
1,Lygia Barbosa da Silva
1,Abhishek Saxena
1,Oliver Daly
1,Gerry Hoban
1,Jazz Boon
1,Myles Kane
1,James Bamford
1,Mijke de Jong
1,Abhishek Varman
1,Matt Wechsler
1,Olav Njaastad
1,Vincent Perez
1,Sergio Pablos
1,Rucha Humnabadkar
1,Suresh Pillai
1,Sonny Marler
1,Laura Brownson
1,Jocelyn Moorhouse
1,Andy Goddard
1,Harold Cronk
1,Leslie Knott
1,Michael Showalter
1,Neil Rawles
1,Yeo Siew Hua
1,Jacqui Morris
1,Dejan Zečević
1,Uttung Shelar
1,Phuwanit Pholdee
1,Rich Moore
1,David E. Talbert
1,Ananth Narayan Mahadevan
1,Nikon
1,Craig Anderson
1,Karen Moncrieff
1,Noel Dockstader
1,Ana Quiroga
1,Stevie Wermers
1,Seth Henrikson
1,Sukum Maetawanitch
1,Alexandre Espigares
1,Scott Cooper
1,Jared Stern
1,David Pablos
1,Sarah Gavron
1,Sridhar Jetty
1,Kamal Sahani
1,Mohamed Diab
1,Hatem Khraiche
1,Iwao Takamoto
1,Shane Acker
1,Michael Ware
1,Bauddhayan Mukherji
1,Barbra Streisand
1,Yen Cheng-kuo
1,Monique Gardenberg
1,Robert C. Ramirez
1,Derek Yee
1,David Leveaux
1,Lee Seung-won
1,Shammi Kapoor
1,Ole Bornedal
1,Abhishek Chaubey
1,Richard Kelly
1,Thierry Demaizière
1,Buta Singh
1,Ben Bowie
1,Sandy Chronopoulos
1,Elías León
1,Ted Geoghegan
1,Todd Phillips
1,Steve Loter
1,Bronwen Hughes
1,Emmett Malloy
1,Neil Armfield
1,Ester Gould
1,Judah Friedlander
1,Olivier Loustau
1,Stefon Bristol
1,Prasanth Varma
1,Pietro Scappini
1,Destin Daniel Cretton
1,BB Sasore
1,Brian Knappenberger
1,Tianyu Zhao
1,Ben Young
1,Rob Epstein
1,Richard Finn
1,Gabriel Julien-Laferrière
1,Hemant Gaba
1,Ahsan Rahim
1,Glenn Miller
1,Andibachtiar Yusuf
1,Jesse Peretz
1,"Sam ""Blitz"" Bazawule"
1,Ivan Ayr
1,Krishna Agazzi
1,Darin Scott
1,Max Lang
1,Shakun Batra
1,Jason Kwan
1,Marti Noxon
1,Katy Chevigny
1,Richard Sears
1,Kagiso Lediga
1,Nicole Conn
1,Tarsem Singh
1,Rana Ranbir
1,Brian McGinn
1,Paul Reubens
1,Abhay Chopra
1,Rahul Dholakia
1,Jon YonKondy
1,Kiran Narayanan
1,KVR Mahendra
1,Joe Piscatella
1,Lijo Jose Pellissery
1,Benjamin Dickinson
1,Woo Min-ho
1,Roger Gual
1,Benjamin Weill
1,Michael McNamara
1,J.C. Falcón
1,Benjamin Ree
1,Mrighdeep Singh Lamba
1,Eugenio Derbez
1,Swapnaneel Jayakar
1,Ash Brannon
1,Indrajit Nattoji
1,Hannes Stöhr
1,Sidharth Malhotra
1,Mark Helenowski
1,Christopher Louie
1,Alfonso Rodríguez
1,Sudip Bandyopadhyay
1,Diego Kaplan
1,Bob Nelson
1,Álvaro Longoria
1,Nick Simon
1,Jacques Cluzaud
1,Ryan Koo
1,Mohammed Hussain
1,Dennis Iliadis
1,Dylan Mohan Gray
1,Lorena Munoz
1,Hirotsugu Kawasaki
1,Nick Cassavetes
1,Karan Anshuman
1,Marc Francis
1,Tinu Pappachan
1,Brian Smrz
1,Alex Israel
1,Jenna Laurenzo
1,Franck Ekinci
1,Gordon Anderson
1,Afonso Poyart
1,Kim Joo-hyung
1,Param Gill
1,Hong-seon Kim
1,Clarence Yiu-leung Fok
1,Henry Sarwer-Foner
1,Houda Benyamina
1,Nicanor Loreti
1,Jamal Hill
1,Liam O'Donnell
1,Kranti Redkar
1,Dave Dorsey
1,Venugopan
1,Joseduardo Giordano
1,Ben Palmer
1,Steve Hickner
1,Marek Kanievska
1,Steve Gukas
1,Samit Basu
1,Camilla Nielsson
1,Benny Fine
1,Pierfrancesco Diliberto
1,Joe Roth
1,Michael Carney
1,Majid Majidi
1,Matt Toronto
1,David Koepp
1,Kate Horne
1,Jesse Johnson
1,Louis Leterrier
1,Uriel Sinai
1,Paul Spurrier
1,Keiichi Hara
1,Matt Palmer
1,Olivier Roland
1,Joe Ksander
1,Sigrid Andrea Bernardo
1,Genevieve Nnaji
1,Gabriel Clarke
1,Isabelle Nanty
1,Sam Taylor-Johnson
1,Gabriel Cruz Rivas
1,Marita Grabiak
1,Amar Gupte
1,Mohammed El-Tahawy
1,David Mrnka
1,Matías Bize
1,Sergio Barrejón
1,Benoît Philippon
1,Tudor Giurgiu
1,Bumpy
1,Alejandro Martinez-Beltran
1,Munish Bhardwaj
1,Joe Swanberg
1,Corbin Bernsen
1,Louis Pepe
1,Justin Kelly
1,Nicolas Pesce
1,Tharun Bhascker
1,Mike Diva
1,Makarand Mane
1,Larry Elikann
1,Alexander Smith
1,Ben Steele
1,Francis Lee
1,Nishanth Ravindaran
1,Daryl Hannah
1,Harrison Smith
1,Myriam Aziza
1,Robbie Countryman
1,Antonio Morabito
1,Ashish R. Mohan
1,Angelina Jolie
1,Eeshwar Nivas
1,Heidi Saman
1,Harvey Glazer
1,James Marsh
1,Bill Guttentag
1,Mysskin
1,Blair Hayes
1,Christina Clusiau
1,Castille Landon
1,David L. Cunningham
1,Greg Whiteley
1,Ian MacAllister-McDonald
1,Hiroshi Aoyama
1,Gabriela Cowperthwaite
1,Mark Dennis
1,David Lee Miller
1,Zune Kwok
1,Edward Zwick
1,Jared Hess
1,Ashok Nanda
1,Chris Sparling
1,Tiffanie Hsu
1,Tommy Wirkola
1,Jon Shenk
1,Adam Smith
1,John Mikulak
1,Yance Ford
1,Aruna Raje
1,Claude Lelouch
1,Elizabeth Chai Vasarhelyi
1,Matheus Souza
1,Falz
1,Thomas Sorriaux
1,Juan Pablo Buscarini
1,Daniel Benmayor
1,Hari Viswanath
1,Michael Cuesta
1,Uraaz Bahl
1,Olivier Afonso
1,Camille Shooshani
1,Frank Paur
1,Caradog W. James
1,Jonathan Hensleigh
1,Madeleine Sami
1,Rahat Kazmi
1,Michael Pressman
1,Zoe Lister-Jones
1,Ali Samadi Ahadi
1,Sidheswar Shukla
1,Christopher Martin
1,Chris Perkel
1,Mark Zwonitzer
1,Franck Phelizon
1,Jarrad Paul
1,Ann Deborah Fishman
1,Andy Devonshire
1,Kristin Hanggi
1,Einar Gabbassov
1,Kaizad Gustad
1,Aatmaram Dharne
1,Hsu Chih-yen
1,James Barr
1,Puneet Sira
1,Kenny Leon
1,Shreyas Talpade
1,Basava Shankar Eeday
1,Santram Varma
1,Michael Samuels
1,Daniel Noah
1,Reem Kherici
1,Manolo Caro
1,Jared Cohn
1,Robert Kouba
1,Abdul Aziz Hashad
1,René Pérez Joglar
1,Sherwin Shilati
1,Ben Shelton
1,Kevin Pang
1,Jumpei Mizusaki
1,Sai Paranjape
1,Harmony Korine
1,John Haptas
1,Arthur Muhammad
1,Gupse Özay
1,Pascal Amanfo
1,Josh Aronson
1,Christopher Loren Ewers
1,Tarun Mansukhani
1,Michelle Caputo
1,Xiaoxing Yi
1,Jayaprakash Radhakrishnan
1,Yam Laranas
1,Danny Cannon
1,Manish Gupta
1,Adarsh Eshwarappa
1,Nattawut Poonpiriya
1,Shen Chi
1,Tommy O'Haver
1,Che Sandoval
1,Chandrakant Kanse
1,Luis Valdez
1,Akiyuki Shinbo
1,Jeremy Coon
1,Muharrem Gülmez
1,Dennis Dugan
1,Sameer Sharma
1,Lin Guan-fu
1,Dennis Rovira van Boekholt
1,Damien Piscarel
1,Kyle Newman
1,Mariah Moore
1,Noor Imran Mithu
1,John Patrick Shanley
1,Joshua Marston
1,Jon Olb
1,Martin Zandvliet
1,P.T. Kunju Muhammad
1,Vincenzo Natali
1,Peter Pardini
1,Vipin Parashar
1,Yuen Woo-ping
1,Joe Menendez
1,Geetu Mohandas
1,Jacques Perrin
1,Jeff Orlowski
1,Paul Miller
1,Stephen Donnelly
1,Noah Moskin
1,Hao Wu
1,David Silberg
1,Jitendra Tiwari
1,Vince Gilligan
1,Dan Fraga
1,Shaina Allen
1,Alejandra Márquez Abella
1,Jorge Michel Grau
1,V C Abhilash
1,Yvan Attal
1,K.C. Bokadia
1,Mark Rosman
1,Na Hyeon
1,Krzysztof Zanussi
1,Andrew Loo
1,Pawan K Shrivastava
1,Skye Borgman
1,Anjali Nayar
1,Aaron Burns
1,Hernán Belón
1,Kevin Deters
1,Dash Shaw
1,Mariano Baez
1,Jon Hurwitz
1,Bryan Bertino
1,Cheang Pou Soi
1,Vijay Jayapal
1,Charles Martin Smith
1,Mitch Dickman
1,July Hygreck
1,Ben Ryder
1,Hardik Mehta
1,Sophie Robinson
1,Stephan Rick
1,Jonathan Baker
1,Chayanop Boonprakob
1,Guillermo Garcia
1,John Hillcoat
1,Wim Bonte
1,Jean-Bernard Marlin
1,Hang-Jun Jang
1,Jorge Hernandez Aldana
1,John Musker
1,Amarjit Virdi
1,Emil Ben-Shimon
1,Glen Goei
1,Heitor Dhalia
1,Brian A. Miller
1,Takanobu Mizuno
1,Paakhi Tyrewala
1,Neil Triffett
1,Dawn Porter
1,Ken Barbet
1,Mir Mukarram Hossain
1,Wojciech Marczewski
1,Rajesh Touchriver
1,Supavitra Babul
1,Katarina Launing
1,Will Allen
1,Renzil D'Silva
1,Volker Weicker
1,Nick Davis
1,Christian Desmares
1,Henrik Martin Dahlsbakken
1,Ui-seok Jo
1,Jesse Warn
1,Sabu Varghese
1,Oliver Schmitz
1,Bo Welch
1,Olivia Milch
1,Afia Nathaniel
1,Gene Quintano
1,Antoni Krauze
1,Flor Salcedo
1,Nicolás Silbert
1,Omung Kumar
1,Amit Barot
1,Miriam Chandy Menacherry
1,Sorin Dan Mihalcescu
1,Jean-Cosme Delaloye
1,Fabio Guaglione
1,John Milius
1,Joshua Caldwell
1,Kiran Rao
1,Dave Patten
1,Kareem Tabsch
1,Li Pei-Chuan
1,Benoît Jacquot
1,Takuya Inaba
1,Gerard Barrett
1,Clive Tonge
1,John Kahrs
1,Joe Johnston
1,Jimmy Henderson
1,Vishal Mahadkar
1,Mamat Khalid
1,Simon Stone
1,Alina Teodorescu
1,Joaquín Mazón
1,Sarah Smith
1,Derek Peck
1,Holger Tappe
1,Jakob Schuh
1,Christian Ditter
1,Philippa Lowthorpe
1,Geoffrey Orthwein
1,Frank Miller
1,Doug Hamilton
1,Isaac Rentz
1,Daniel J. Clark
1,Mario Cambi
1,Robiul Alam Robi
1,Phil Johnston
1,Storm Theunissen
1,Austin Kolodney
1,Krishna D.K.
1,Robert Zemeckis
1,Alan J. Pakula
1,Haoling Li
1,Vivek Agnihotri
1,Devaki Singh
1,Toby Haynes
1,Robert Smigel
1,Richard van't Riet
1,Justin Benson
1,Anthony Wonke
1,Hans Petter Moland
1,Rob Smat
1,Ben Patterson
1,Choi Jin-seong
1,Rayka Zehtabchi
1,R. Kannan
1,Luk Kim-ching
1,Nanfu Wang
1,Christophe Honoré
1,Asim Abbasi
1,Kim Seong-hun
1,Alejandro Lozano
1,Jonás Trueba
1,Tanvir Ahsan
1,Massy Tadjedin
1,Carlo Padial
1,Raj Nidimoru
1,Eric Khoo
1,Dylan Haegens
1,Shravan Kumar
1,Matt Angel
1,Xavier Durringer
1,Tristan Ferland Milewski
1,Kabir Khan
1,Kristine Samuelson
1,Kuntz Agus
1,Stacia Crawford
1,Chris Robinson
1,Hassan Hegazy
1,Mahesh Bhatt
1,Roger Donaldson
1,Damien Leone
1,Sylvie Verheyde
1,Kasper Barfoed
1,Luis Prieto
1,Atlee Kumar
1,Buz Wallick
1,Pradip Kurbah
1,Anubhav Sinha
1,Dan Kwan
1,Ludovic Bernard
1,Julien Rambaldi
1,Greg Kohs
1,Anthony Russo
1,Feroz
1,Michael Steiner
1,Frank Ariza
1,David Guy Levy
1,Jon Lucas
1,Gabriel Sabloff
1,Tom O'Brien
1,Alex Díaz
1,Jaime Rayo
1,Carlos Therón
1,Manussa Vorasingha
1,Mike Binder
1,Derek Hui
1,Kieran Darcy-Smith
1,Ross R. Shuman
1,Nuel Naval
1,Svati Chakravarty Bhatkal
1,Joe Lynch
1,Scott Marshall Smith
1,Jee-woon Kim
1,Timothy Reckart
1,Kevin Munroe
1,Lars Büchel
1,Thomas Sieben
1,Brittany Andrews
1,Jean-Patrick Benes
1,Sanjay Patel
1,Jonathan Helpert
1,Ladislas Chollat
1,Amara Cash
1,Henry Selick
1,Macon Blair
1,Albert Hughes
1,Matthias Hoene
1,Tathagata Banerjee
1,Abu Bakr Shawky
1,Andy Capper
1,Paul Tanter
1,Rodrigo Guardiola
1,Seth Fuller
1,Dito Montiel
1,Louise Wardle
1,Le Van Kiet
1,Trent Haaga
1,Alma Har'el
1,Geoff Luck
1,Atul Kale
1,Michael Anderson
1,Koji Sawai
1,Richard Bates Jr.
1,Maclain Way
1,Gayane Petrosyan
1,Ben Foster
1,Michael John Warren
1,Emmanuel Mouret
1,Katherine Dieckmann
1,Moataz El Tony
1,Atsajun Sattakovit
1,Edgar Wright
1,Raja Sen
1,Tariq Khan
1,Habib Faisal
1,Tony Giglio
1,Josh Alexander
1,Andrew Sullivan
1,Pamela Romanowsky
1,Lee Kyoungmi
1,Brandon Kimber
1,James Lee
1,M.S. Prem Nath
1,Jon Gunn
1,Burhan Qurbani
1,Tamta Gabrichidze
1,Tim Blake Nelson
1,John R. Leonetti
1,Will Gluck
1,Bruce W. Smith
1,Roman Atwood
1,Kranti Kanade
1,Chapman Way
1,Julien War
1,Lucky McKee
1,Mir-Jean Bou Chaaya
1,Teddy Lussi-Modeste
1,Terry Loane
1,Vincent Kok
1,Simranjit Singh Hundal
1,Nicolas Brossette
1,Aaron Nee
1,Shoojit Sircar
1,Theo Love
1,Benedict Andrews
1,Steven Knight
1,Olaf de Fleur
1,Onur Tukel
1,Rodrigo Eba
1,Annie Clark
1,Robert Eggers
1,Àlex Pastor
1,Serge Ou
1,Michael Fahey
1,Diego Lerman
1,Andrew Stanton
1,Daniel McCabe
1,Khalid Kashogi
1,Gary Young
1,Seong-hun Kim
1,Thomas Carter
1,Robyn Butler
1,Jim Henson
1,Rodolphe Guenoden
1,Stefan Aust
1,Alex Richanbach
1,Chow Kwun-wai
1,Matt Piedmont
1,Alex Winter
1,Kunihiko Yuyama
1,Galley Molina
1,Roberto Girault Facha
1,Peter Sullivan
1,Richard Miron
1,Raj Kanwar
1,Daniel Monzón
1,Chester Tam
1,Ron Clements
1,Tim Rouhana
1,Abel Ferrara
1,James Duffy
1,Khalid Mohamed
1,Courtney Hunt
1,Seung-uk Jo
1,Stefano Sollima
1,Dana Doron
1,Anders Falck
1,Adisorn Tresirikasem
1,Ang Lee
1,Amal Neerad
1,Ron Underwood
1,Koji Morimoto
1,Roman Gackowski
1,Robert Osman
1,Yasir Nawaz
1,Oriol Paulo
1,Hugo Stuven
1,Sonny Mallhi
1,Rajat Kapoor
1,Adrian Murray
1,Sally Potter
1,Aleksandr Chernyaev
1,Binayak Das
1,Robert McCallum
1,Hari Nath
1,Lee Fulkerson
1,Paul Urkijo Alijo
1,Adam Darke
1,Pedro Coutinho
1,Hayao Miyazaki
1,Peter McDonnell
1,Kirk Wolfinger
1,William Brent Bell
1,Sanjay Soorkar
1,Tugçe Soysop
1,Partho Ghosh
1,Mark Dindal
1,Alison MacLean
1,Zackary Canepari
1,Valli Bindana
1,Yang Lei
1,Maya Zinshtein
1,Sonia Dauger
1,Maria Sadowska
1,John L. Spencer
1,Marianna Palka
1,Dennis Scholl
1,Aaron Hann
1,Les Mayfield
1,Steve Greenwood
1,Arnab Chaudhuri
1,Ding-Lin Wang
1,Emma Hatherley
1,L. Frazier
1,Sunil Thakur
1,Parveen Kumar
1,Kevin Kolsch
1,Rob Zombie
1,John Banas
1,Kasra Farahani
1,Michael G. Kehoe
1,Lee Jeong-beom
1,Marco Risi
1,Felix Herngren
1,Manika Sharma
1,Sean Penn
1,Sudipto Roy
1,Hayden Schlossberg
1,Reginald Hudlin
1,Nakul Singh Sawhney
1,Jitender Pawar
1,Norm Hiscock
1,Santosh Manjrekar
1,Doug Lefler
1,Joshua Brown
1,Bruce McCulloch
1,Jody Lambert
1,Juan Antin
1,David Schalko
1,Jennifer Westcott
1,Gary Binkow
1,Hideki Futamura
1,Drew Heriot
1,Ignacio López Escrivá
1,Jeff Garlin
1,Adam Nee
1,Waymon Boone
1,Chris Williams
1,Bruce Robinson
1,Vetrimaaran
1,Abdullah Al Noor
1,Victor Zarcoff
1,Jay Lyons
1,Jeremy Rush
1,Luke Sparke
1,Álvaro Brechner
1,Pan Nalin
1,Russell Crowe
1,Joel Oliansky
1,Eric Abrams
1,Ed Gass-Donnelly
1,Kimo Stamboel
1,Mathew Orzel
1,Robert Adetuyi
1,Binu Ulahhannan
1,Giulio Base
1,Matthew Shoychet
1,Yang Woo-seok
1,Ayush Raina
1,Vikram Bhatt
1,Will Canon
1,Varun Narvekar
1,Gulzar
1,Timo Vuorensola
1,Park In-je
1,Luis Javier M. Henaine
1,Javier Ambrossi
1,Nizar Shafi
1,Kathryn Bigelow
1,Tinnu Anand
1,Davis Guggenheim
1,B.N. Shajeer Sha
1,Richard Curtis
1,Will Lovelace
1,Jerry Kolber
1,Chris Jenkins
1,Eshom Nelms
1,Nathan Landeg
1,Michael Pitiot
1,Eondeok Han
1,Florian Schnell
1,Callie Khouri
1,Malik Bendjelloul
1,Golam Kibria Farooki
1,Ellen Weissbrod
1,Hakan Yonat
1,Jenée LaMarque
1,Brent Maddock
1,Roman Polanski
1,Daisuke Nishio
1,Iñaki Dorronsoro
1,Sunao Katabuchi
1,Cho Li
1,Mike Fetterly
1,Elsa Nakamichi
1,Jessica Yu
1,Sajid Khan
1,Matt D'Avella
1,Hiromasa Yonebayashi
1,Kim Jong-kwan
1,Bryan Spicer
1,Mandeep Kumar
1,Atanu Mukherjee
1,Louis J. Horvitz
1,Kirk De Micco
1,Claude Barras
1,David Mirkin
1,Jesse Handsher
1,Amir Mohiuddin
1,Richard Donner
1,Abby Epstein
1,Nora Twomey
1,Dylan Bank
1,John Schlesinger
1,Jesse Gustafson
1,Amar Kaushik
1,Rupert Jones
1,Steven Fine
1,Barbara Schroeder
1,Bruce Sinofsky
1,Pepe Bojórquez
1,Alo Sarkar
1,David Gelb
1,Syed Atif Ali
1,Dan Gilroy
1,Roland Joffé
1,Christian Zübert
1,Dylan C. Brown
1,Bonni Cohen
1,Brandon Jones
1,Manjeet Singh
1,Paul Soriano
1,Shadae Lamar Smith
1,Jørgen Lerdam
1,Taika Waititi
1,Koichi Sakamoto
1,Keiichi Sato
1,Rik Reinholdtsen
1,Advait Chandan
1,Udai Singh Pawar
1,Stéphane Berla
1,Phil Joanou
1,Zhang Yimou
1,Alban Teurlai
1,Adam Collins
1,Jonathan A. Rosenbaum
1,Sarah Moshman
1,Andrés Beltrán
1,Gaëtan Brizzi
1,Ken Ghosh
1,Gwyneth Horder-Payton
1,Yann Arthus-Bertrand
1,Gabe Ibáñez
1,Dirk Laabs
1,Adele K. Thomas
1,Manish Tiwary
1,Chandan Arora
1,Stephen Amezdroz
1,Srivinay Salian
1,Todd S. Yellin
1,Onur Ünlü
1,Mariana Tschudi
1,Julius Onah
1,Steve Barker
1,Lenin Bharathi
1,Craig Johnson
1,Haifaa Al-Mansour
1,Sopon Sukdapisit
1,Kanwal Sethi
1,Douglas McGrath
1,Shrihari Sathe
1,Alexandre Reinecke
1,Keanu Reeves
1,Bunmi Ajakaiye
1,Archie Borders
1,Josh Greenbaum
1,Yeung Yat-Tak
1,Azfar Jafri
1,Nahnatchka Khan
1,Bette Gordon
1,Kalvadour Peterson
1,Mike Judge
1,Cecilia Atán
1,Charlie Vaughn
1,Mike Ezuruonye
1,Preston A. Whitmore II
1,Luciano Vidigal
1,Gangadhar Salimath
1,Colin Strause
1,Eva Trobisch
1,Olivia Newman
1,Philip Yung
1,Ham Tran
1,Juani Libonatti
1,Steven R. Monroe
1,Naoto Amazutsumi
1,Michael Epstein
1,Chris Moukarbel
1,Rajeev Patil
1,Johnson Esthappan
1,Erich Sturm
1,Saw Teong Hin
1,Alejandro Montiel
1,Paul Raschid
1,Ric Roman Waugh
1,Stuart Stone
1,Joseph Martin
1,Leandro Mark
1,Alexandra Dean
1,Frédéric Tonolli
1,Javier Calvo
1,Michael Paul Stephenson
1,Ian Edelman
1,Rene Liu
1,J.M. Berrios
1,Nicholas Ray
1,Taron Lexton
1,Bradley Walsh
1,Brendan Toller
1,Will Graham
1,Fred Olen Ray
1,Caryn Waechter
1,Kevin Booth
1,Nuhash Humayun
1,Susan Lambert
1,Bill Oliver
1,Pali Yahya
1,John Sanford
1,Roger Spottiswoode
1,Bobby Farrelly
1,Bille August
1,Han Han
1,Hubert Woroniecki
1,Michael Steed
1,Tanuj Chopra
1,Kleber Mendonça Filho
1,Rodrigo Toro
1,Isao Yukisada
1,Young Jun Lee
1,Kiko Mistrorigo
1,Tom Tykwer
1,Midhun Manuel Thomas
1,Fred M. Wilcox
1,Aziz Ansari
1,Mahmood Farooqui
1,Raj Kaushal
1,Andrew Sandler
1,Trey Borzillieri
1,Mark Landre Gould
1,Mark Sloper
1,Aamir Khan
1,Thom Zimny
1,Joan C. Gratz
1,Jennifer M. Kroot
1,Blayne Weaver
1,Daniel DiMauro
1,Linas Phillips
1,Mark Henn
1,Mat Whitecross
1,Jun Falkenstein
1,Matthew Cooke
1,Peter Chelsom
1,Raja Gosnell
1,Jim Strouse
1,Prasobh Vijayan
1,Mike Wiluan
1,Liz Garbus
1,Zack Snyder
1,M. Night Shyamalan
1,Igor Kovalyov
1,Suman Ghosh
1,Steve Barron
1,Aubrey Powell
1,Ticoy Rodriguez
1,Andrew Meier
1,Nicky Slimting Walker
1,Mahin Ibrahim
1,John Butler
1,Gabe Klinger
1,Kery James
1,Jean-François Blais
1,Chan-sang Lim
1,Steve Race
1,Ahmet Katıksız
1,Naresh Saigal
1,Huw Cordey
1,Dee Rees
1,Sudabeh Mortezai
1,Roxanne Benjamin
1,Songyos Sugmakanan
1,Vikram Tanajirao Patil
1,Zack Whedon
1,Sanjay Dayma
1,Mangesh Hadawale
1,Joseph Chou
1,Harjit Singh
1,Patryk Vega
1,R. Balki
1,Fernando Sariñana
1,Emmanuel Amara
1,Lucy van Beek
1,Patrik Forsberg
1,Carlos Vermut
1,Gaurav Bavdankar
1,Vincente Minnelli
1,Anurag Singh
1,Karan Bali
1,Mati Diop
1,John Luessenhop
1,Kristian Levring
1,Jeffrey G. Hunt
1,Pia Sukanya
1,Jorge Granier
1,Adam Wood
1,Sathyan Anthikad
1,Matt Kay
1,Aditya Vikram Sengupta
1,Jennifer Peedom
1,Marco Bonfanti
1,Alfonso Serrano Maturino
1,Rita Coburn Whack
1,Eduardo Casanova
1,Theo Davies
1,Weica Wang
1,Bharat Nalluri
1,Antonio Piazza
1,Ofir Raul Graizer
1,Feng Xiaogang
1,Chris Koch
1,Lesli Linka Glatter
1,Faozan Rizal
1,Sandeep Reddy Vanga
1,Biodun Stephen
1,Jean-Pierre Devillers
1,Dustin Nguyen
1,Rodrigo Triana
1,Brian O'Malley
1,Akram Farouk
1,Raphael Erichsen
1,Brian Helgeland
1,Francis Ford Coppola
1,Emily Hagins
1,Simon Gross
1,Michael Cumming
1,Mel Stuart
1,Nathaniel Warsh
1,Robert McCullough Jr.
1,David O. Russell
1,Scott Moore
1,Chris Eigeman
1,Julio Soto Gurpide
1,Mel Smith
1,Peter DeLuise
1,Alfonso Arau
1,Selima Taibi
1,Miguel Arteta
1,Jason Krawczyk
1,Dhilip Kumar
1,Todd Wider
1,Will Lowell
1,Gore Verbinski
1,Eddie Martin
1,Bedabrata Pain
1,Park Joon-hwa
1,Sam Liu
1,Alfred Gimeno
1,Raja Menon
1,Brendan Malloy
1,Francesco Carrozzini
1,Matthew Salleh
1,Paritosh Painter
1,Yasuhiro Irie
1,Jatla Siddartha
1,Tony Elliott
1,Elliot Hegarty
1,Joann Sfar
1,Vinay Sapru
1,Ashim Ahluwalia
1,Stacy Title
1,Gary Michael Schultz
1,Prashant Nair
